ts_jst,ts_slot,store_code,store_name,seat_status,status_no,state,free_count
2026-10-01T00:06:12,2026-10-01T00:00,20903,調布南口店,残3席,1,AVAILABLE,3
2026-10-01T00:06:12,2026-10-01T00:00,20895,登戸駅前店,満席,4,FULL,0
2026-10-01T00:06:12,2026-10-01T00:00,20391,百合ヶ丘店,残3席,1,AVAILABLE,3
2026-10-01T00:06:12,2026-10-01T00:00,20332,横浜北山田店,残7席,1,AVAILABLE,7
2026-10-01T00:24:46,2026-10-01T00:20,20903,調布南口店,残3席,1,AVAILABLE,3
2026-10-01T00:24:46,2026-10-01T00:20,20895,登戸駅前店,満席,4,FULL,0
2026-10-01T00:24:46,2026-10-01T00:20,20391,百合ヶ丘店,残1席,1,AVAILABLE,1
2026-10-01T00:24:46,2026-10-01T00:20,20332,横浜北山田店,残6席,1,AVAILABLE,6
2026-10-01T00:39:37,2026-10-01T00:30,20903,調布南口店,残3席,1,AVAILABLE,3
2026-10-01T00:39:37,2026-10-01T00:30,20895,登戸駅前店,満席,4,FULL,0
2026-10-01T00:39:37,2026-10-01T00:30,20391,百合ヶ丘店,残1席,1,AVAILABLE,1
2026-10-01T00:39:37,2026-10-01T00:30,20332,横浜北山田店,残5席,1,AVAILABLE,5
2026-10-01T00:53:21,2026-10-01T00:50,20903,調布南口店,残2席,1,AVAILABLE,2
2026-10-01T00:53:21,2026-10-01T00:50,20895,登戸駅前店,満席,4,FULL,0
2026-10-01T00:53:21,2026-10-01T00:50,20391,百合ヶ丘店,残1席,1,AVAILABLE,1
2026-10-01T00:53:21,2026-10-01T00:50,20332,横浜北山田店,残4席,1,AVAILABLE,4
